"Metrics","ROI","Vertex","beta_(Intercept)","beta_AO","beta_Age","beta_Sex","beta_AgeC2","beta_Age2CSex","beta_AgeCSex","st_err_(Intercept)","st_err_AO","st_err_Age","st_err_Sex","st_err_AgeC2","st_err_Age2CSex","st_err_AgeCSex","p.val.OfInt_(Intercept)","r_MD_vs_AO","d_AO","st_err(d)_AO","low.ci(d)_AO","up.ci(d)_AO","n.controls","n.patients","n.overall","p.val_corr"
"MD","GCC","1","0.73976226612935","0.000551374701834417","-0.00212369355017628","0.00835728939087545","0.000213688062293934","-0.000200839696626293","0.0159571934633658","0.0658465810250229","0.000345996514649794","0.00159524000271794","0.008539872339868","0.000282124512816547","0.000173998657888339","0.0129328750106706","4.44288437557033e-16","0.206524927095243",NA,"0.000345996514649794",NA,NA,"0","2","64","0.116559858796868"
