"Metrics","ROI","Vertex","beta_(Intercept)","beta_AO","beta_Age","beta_Sex","beta_AgeC2","beta_Age2CSex","beta_AgeCSex","st_err_(Intercept)","st_err_AO","st_err_Age","st_err_Sex","st_err_AgeC2","st_err_Age2CSex","st_err_AgeCSex","p.val.OfInt_(Intercept)","r_MD_vs_AO","d_AO","st_err(d)_AO","low.ci(d)_AO","up.ci(d)_AO","n.controls","n.patients","n.overall","p.val_corr"
"MD","BCC","1","0.694751205788142","0.000718402322784142","-0.00176484967657985","0.011086737503448","0.000199423958390533","-0.000178480945688001","0.0139261112195101","0.0791941711934805","0.000416132573430207","0.00191860697857531","0.0102709677788277","0.000339313243270449","0.000209269475889848","0.0155544646612664","3.63647499796098e-12","0.222910948334392",NA,"0.000416132573430207",NA,NA,"0","2","64","0.0896962658814522"
